"Airline","Total.Flights","Delayed.Flights","On.Time.Flights","P.Delay.Given.Airline"
"F9",203482,56262,147220,0.276496201138184
"B6",235683,60614,175069,0.257184438419402
"AA",966116,246698,719418,0.255350289199227
"NK",255633,63764,191869,0.249435714481307
"WN",1404597,327846,1076751,0.233409298183038
"G4",114882,24359,90523,0.212034957608677
"AS",240323,48225,192098,0.200667435076959
"OH",223673,44130,179543,0.197296946882279
"UA",745818,141407,604411,0.189599875572861
"MQ",275317,51474,223843,0.186962664855421
"DL",997846,170775,827071,0.171143643407901
"OO",733886,125492,608394,0.170996585300714
"9E",195072,28985,166087,0.148586163057743
"HA",77633,10314,67319,0.132855873146729
"YX",295306,34421,260885,0.116560449161209
