"Airline","Day","Total.Flights","Delayed.Flights","P.Delay.Given.Airline.Day"
"9E","Monday",30102,4465,0.14832901468341
"9E","Tuesday",28991,3828,0.132040978234625
"9E","Wednesday",28787,3950,0.13721471497551
"9E","Thursday",29414,4603,0.156490106751887
"9E","Friday",28977,4997,0.172447113227732
"9E","Saturday",21087,2885,0.136814150898658
"9E","Sunday",27714,4257,0.153604676336869
"AA","Monday",144966,36691,0.253100727067036
"AA","Tuesday",135080,31192,0.230915013325437
"AA","Wednesday",134431,31121,0.231501662562951
"AA","Thursday",139073,36231,0.260517857528061
"AA","Friday",141351,39526,0.279630140572051
"AA","Saturday",128981,33331,0.258417906513362
"AA","Sunday",142234,38606,0.271425960037684
"AS","Monday",36392,7501,0.206116728951418
"AS","Tuesday",32975,5299,0.160697498104625
"AS","Wednesday",32561,5680,0.174441816897515
"AS","Thursday",35408,7311,0.206478761861726
"AS","Friday",36213,7831,0.216248308618452
"AS","Saturday",31342,6424,0.204964584263927
"AS","Sunday",35432,8179,0.230836531948521
"B6","Monday",35368,9203,0.260206966749604
"B6","Tuesday",33337,6930,0.207877133515313
"B6","Wednesday",32655,7564,0.231633746746287
"B6","Thursday",34108,9342,0.273894687463352
"B6","Friday",34554,9369,0.271140823059559
"B6","Saturday",31322,8333,0.266043036843113
"B6","Sunday",34339,9873,0.287515652756341
"DL","Monday",149392,25359,0.169748045410731
"DL","Tuesday",141578,20733,0.146442243851446
"DL","Wednesday",140765,21400,0.152026427023763
"DL","Thursday",146392,26077,0.178131318651292
"DL","Friday",146662,27728,0.189060561017851
"DL","Saturday",127713,21165,0.165723144863874
"DL","Sunday",145344,28313,0.194799922941435
"F9","Monday",32808,9886,0.301328944159961
"F9","Tuesday",23986,5917,0.246685566580505
"F9","Wednesday",24138,5976,0.247576435495899
"F9","Thursday",30964,8581,0.277128278000258
"F9","Friday",32434,9032,0.278473207128322
"F9","Saturday",26891,7378,0.274366888550073
"F9","Sunday",32261,9492,0.294225225504479
"G4","Monday",22626,4433,0.195925041987094
"G4","Tuesday",4818,904,0.187629721876297
"G4","Wednesday",7636,1398,0.183080146673651
"G4","Thursday",22317,4748,0.212752610117847
"G4","Friday",21878,4830,0.220769723009416
"G4","Saturday",12500,2960,0.2368
"G4","Sunday",23107,5086,0.22010646124551
"HA","Monday",11567,1559,0.134779977522262
"HA","Tuesday",10885,1308,0.120165365181442
"HA","Wednesday",10738,1155,0.107561929595828
"HA","Thursday",11273,1526,0.135367692717112
"HA","Friday",11578,1938,0.167386422525479
"HA","Saturday",10747,1354,0.125988647994789
"HA","Sunday",10845,1474,0.135915168280313
"MQ","Monday",40929,8137,0.198807691367979
"MQ","Tuesday",37450,6465,0.172630173564753
"MQ","Wednesday",38399,6400,0.166671007057475
"MQ","Thursday",39578,7568,0.191217342968316
"MQ","Friday",40635,8298,0.204208194905869
"MQ","Saturday",37443,6569,0.175440002136581
"MQ","Sunday",40883,8037,0.196585377785388
"NK","Monday",39606,10075,0.254380649396556
"NK","Tuesday",33071,6981,0.211091288440023
"NK","Wednesday",32106,6685,0.208216532735314
"NK","Thursday",37893,9665,0.255060301374924
"NK","Friday",38764,11087,0.286012795377154
"NK","Saturday",35569,9030,0.253872754364756
"NK","Sunday",38624,10241,0.265146023198012
"OH","Monday",33902,7062,0.208306294613887
"OH","Tuesday",30939,5532,0.178803451953845
"OH","Wednesday",31698,5766,0.181904221086504
"OH","Thursday",32531,5887,0.180965847960407
"OH","Friday",32952,7151,0.217012624423404
"OH","Saturday",29038,5930,0.20421516633377
"OH","Sunday",32613,6802,0.20856713580474
"OO","Monday",109660,19855,0.181059638883823
"OO","Tuesday",102825,15576,0.151480671043034
"OO","Wednesday",103408,15663,0.151467971530249
"OO","Thursday",106067,18585,0.175219436771098
"OO","Friday",107222,19862,0.185241834698103
"OO","Saturday",97519,15591,0.159876536879993
"OO","Sunday",107185,20360,0.189951952232122
"UA","Monday",110736,20053,0.181088354284063
"UA","Tuesday",107156,17828,0.166374258091008
"UA","Wednesday",106556,17578,0.164964901084876
"UA","Thursday",108406,21294,0.196428241979226
"UA","Friday",108821,23830,0.218983468264397
"UA","Saturday",98397,19342,0.196571033669726
"UA","Sunday",105746,21482,0.20314716395892
"WN","Monday",213632,47825,0.223866274715398
"WN","Tuesday",194411,36922,0.189917237193369
"WN","Wednesday",191632,38142,0.19903773899975
"WN","Thursday",207279,51206,0.247039015047352
"WN","Friday",211529,56330,0.266299183563483
"WN","Saturday",174330,40761,0.23381517811048
"WN","Sunday",211784,56660,0.267536735541873
"YX","Monday",44712,4986,0.111513687600644
"YX","Tuesday",43562,4277,0.0981819016574078
"YX","Wednesday",43189,4528,0.104841510569821
"YX","Thursday",43691,5723,0.130988075347326
"YX","Friday",43517,6259,0.14382884849599
"YX","Saturday",35376,3964,0.112053369516056
"YX","Sunday",41259,4684,0.11352674567973
