"Airline","P.Airline","P.Delay.Given.Airline","P.Delay","Bayes.Probability","Direct.Count.Probability","Difference"
"F9",0.0292138119041237,0.276496201138184,0.205988657721233,0.0392133630152931,0.0392133630152931,0
"B6",0.0338368938333592,0.257184438419402,0.205988657721233,0.0422466102486398,0.0422466102486398,0
"AA",0.138704804855291,0.255350289199227,0.205988657721233,0.171943020673754,0.171943020673754,0
"NK",0.0367011056431864,0.249435714481307,0.205988657721233,0.0444420902084382,0.0444420902084382,6.93889390390723e-18
"WN",0.201657309045009,0.233409298183038,0.205988657721233,0.228501372349219,0.228501372349219,2.77555756156289e-17
"G4",0.0164935529391766,0.212034957608677,0.205988657721233,0.0169776813780087,0.0169776813780087,3.46944695195361e-18
"AS",0.0345030563796047,0.200667435076959,0.205988657721233,0.0336117527178648,0.0336117527178648,6.93889390390723e-18
"OH",0.0321126239668917,0.197296946882279,0.205988657721233,0.030757628770127,0.030757628770127,6.93889390390723e-18
"UA",0.107076727999085,0.189599875572861,0.205988657721233,0.0985575348175242,0.0985575348175242,0
"MQ",0.0395271279622159,0.186962664855421,0.205988657721233,0.0358762334763996,0.0358762334763996,0
"DL",0.143260265543302,0.171143643407901,0.205988657721233,0.119026377820495,0.119026377820495,1.38777878078145e-17
"OO",0.105363656554731,0.170996585300714,0.205988657721233,0.0874651336873051,0.0874651336873051,0
"9E",0.0280063922890537,0.148586163057743,0.205988657721233,0.0202019005189696,0.0202019005189696,0
"HA",0.0111457321018706,0.132855873146729,0.205988657721233,0.00718862866836822,0.00718862866836822,0
"YX",0.0423969389831,0.116560449161209,0.205988657721233,0.023990671649593,0.023990671649593,0
